{"cameraMode":{"drawMode":0,"name":"Shaded","section":"Shading Mode"},"sceneLighting":false,"audioPlay":false,"sceneViewState":{"showFog":true,"showMaterialUpdate":false,"showSkybox":false,"showFlares":true,"showImageEffects":true,"showParticleSystems":true},"in2DMode":false,"pivot":{"x":-4.7962870597839359,"y":2.25,"z":-22.184633255004884},"rotation":{"x":-0.09274312108755112,"y":-0.9058530330657959,"z":0.2639099359512329,"w":-0.31825271248817446},"size":4.802343368530273,"orthographic":false}