{"cameraMode":{"drawMode":0,"name":"Shaded","section":"Shading Mode"},"sceneLighting":true,"audioPlay":false,"sceneViewState":{"showFog":true,"showMaterialUpdate":false,"showSkybox":false,"showFlares":true,"showImageEffects":true,"showParticleSystems":true},"in2DMode":false,"pivot":{"x":-28.85247230529785,"y":12.737979888916016,"z":-30.19790267944336},"rotation":{"x":-0.012214606627821923,"y":0.9276812672615051,"z":0.030652247369289399,"w":0.3720358610153198},"size":15.752120018005371,"orthographic":false}