{"cameraMode":{"drawMode":0,"name":"Shaded","section":"Shading Mode"},"sceneLighting":true,"audioPlay":false,"sceneViewState":{"showFog":true,"showMaterialUpdate":false,"showSkybox":false,"showFlares":true,"showImageEffects":true,"showParticleSystems":true},"in2DMode":false,"pivot":{"x":-29.670000076293947,"y":4.9800004959106449,"z":-11.390000343322754},"rotation":{"x":-0.09274312108755112,"y":-0.9058530330657959,"z":0.2639099359512329,"w":-0.31825271248817446},"size":7.215435028076172,"orthographic":false}