{"cameraMode":{"drawMode":0,"name":"Shaded","section":"Shading Mode"},"sceneLighting":false,"audioPlay":false,"sceneViewState":{"showFog":true,"showMaterialUpdate":false,"showSkybox":false,"showFlares":true,"showImageEffects":true,"showParticleSystems":true},"in2DMode":false,"pivot":{"x":9.039124488830567,"y":0.75,"z":-9.949999809265137},"rotation":{"x":-0.032176051288843158,"y":0.7585052847862244,"z":-0.03759107366204262,"w":-0.6498373746871948},"size":1.5027735233306885,"orthographic":false}