{"cameraMode":{"drawMode":0,"name":"Shaded","section":"Shading Mode"},"sceneLighting":false,"audioPlay":false,"sceneViewState":{"showFog":true,"showMaterialUpdate":false,"showSkybox":false,"showFlares":true,"showImageEffects":true,"showParticleSystems":true},"in2DMode":false,"pivot":{"x":-0.4736648201942444,"y":-2.2375571727752687,"z":-9.514891624450684},"rotation":{"x":0.053387925028800967,"y":0.9202296733856201,"z":-0.13480637967586518,"w":0.3636433482170105},"size":18.34602928161621,"orthographic":false}