{"cameraMode":{"drawMode":0,"name":"Shaded","section":"Shading Mode"},"sceneLighting":false,"audioPlay":false,"sceneViewState":{"showFog":true,"showMaterialUpdate":false,"showSkybox":false,"showFlares":true,"showImageEffects":true,"showParticleSystems":true},"in2DMode":false,"pivot":{"x":-19.844043731689454,"y":4.276113510131836,"z":-4.828924179077148},"rotation":{"x":-0.09664513915777207,"y":-0.4452701807022095,"z":0.048428479582071307,"w":-0.8888644576072693},"size":6.047677993774414,"orthographic":false}