{"cameraMode":{"drawMode":0,"name":"Shaded","section":"Shading Mode"},"sceneLighting":true,"audioPlay":false,"sceneViewState":{"showFog":true,"showMaterialUpdate":false,"showSkybox":false,"showFlares":true,"showImageEffects":true,"showParticleSystems":true},"in2DMode":false,"pivot":{"x":-1.358952283859253,"y":-4.411091327667236,"z":5.6627655029296879},"rotation":{"x":-0.006501640658825636,"y":0.9802190065383911,"z":-0.19513070583343507,"w":-0.0326676219701767},"size":13.586709976196289,"orthographic":false}