{"cameraMode":{"drawMode":0,"name":"Shaded","section":"Shading Mode"},"sceneLighting":false,"audioPlay":false,"sceneViewState":{"showFog":true,"showMaterialUpdate":false,"showSkybox":false,"showFlares":true,"showImageEffects":true,"showParticleSystems":true},"in2DMode":false,"pivot":{"x":-9.321781158447266,"y":1.25,"z":-11.779999732971192},"rotation":{"x":-0.09274312108755112,"y":-0.9058530330657959,"z":0.2639099359512329,"w":-0.31825271248817446},"size":1.3975424766540528,"orthographic":false}