{"cameraMode":{"drawMode":0,"name":"Shaded","section":"Shading Mode"},"sceneLighting":false,"audioPlay":false,"sceneViewState":{"showFog":true,"showMaterialUpdate":false,"showSkybox":false,"showFlares":true,"showImageEffects":true,"showParticleSystems":true},"in2DMode":false,"pivot":{"x":-5.974270820617676,"y":3.9375057220458986,"z":3.1313939094543459},"rotation":{"x":-0.09274312108755112,"y":-0.9058530330657959,"z":0.2639099359512329,"w":-0.31825271248817446},"size":4.964334964752197,"orthographic":false}