{"cameraMode":{"drawMode":0,"name":"Shaded","section":"Shading Mode"},"sceneLighting":false,"audioPlay":false,"sceneViewState":{"showFog":true,"showMaterialUpdate":false,"showSkybox":false,"showFlares":true,"showImageEffects":true,"showParticleSystems":true},"in2DMode":false,"pivot":{"x":958.018798828125,"y":540.87109375,"z":0.6009169220924377},"rotation":{"x":-0.11562703549861908,"y":0.2069893628358841,"z":-0.024641402065753938,"w":-0.9711788296699524},"size":5.318009853363037,"orthographic":false}