{"cameraMode":{"drawMode":0,"name":"Shaded","section":"Shading Mode"},"sceneLighting":false,"audioPlay":false,"sceneViewState":{"showFog":true,"showMaterialUpdate":false,"showSkybox":false,"showFlares":true,"showImageEffects":true,"showParticleSystems":true},"in2DMode":false,"pivot":{"x":0.8484164476394653,"y":1.5625,"z":-9.734966278076172},"rotation":{"x":-0.05103662982583046,"y":-0.34025245904922488,"z":0.018492218106985093,"w":-0.9387707710266113},"size":0.5590169429779053,"orthographic":false}