{"cameraMode":{"drawMode":0,"name":"Shaded","section":"Shading Mode"},"sceneLighting":true,"audioPlay":false,"sceneViewState":{"showFog":true,"showMaterialUpdate":false,"showSkybox":false,"showFlares":true,"showImageEffects":true,"showParticleSystems":true},"in2DMode":false,"pivot":{"x":42.9394645690918,"y":14.977209091186524,"z":18.75833511352539},"rotation":{"x":-0.05906861647963524,"y":-0.9253755807876587,"z":0.33760198950767519,"w":-0.16211339831352235},"size":9.950758934020996,"orthographic":false}