{"cameraMode":{"drawMode":0,"name":"Shaded","section":"Shading Mode"},"sceneLighting":false,"audioPlay":false,"sceneViewState":{"showFog":true,"showMaterialUpdate":false,"showSkybox":false,"showFlares":true,"showImageEffects":true,"showParticleSystems":true},"in2DMode":false,"pivot":{"x":-19.519458770751954,"y":0.05000004917383194,"z":-26.931257247924806},"rotation":{"x":0.024909982457756997,"y":-0.9465566873550415,"z":0.07541206479072571,"w":0.3127714693546295},"size":0.9027734994888306,"orthographic":false}