{"cameraMode":{"drawMode":0,"name":"Shaded","section":"Shading Mode"},"sceneLighting":true,"audioPlay":false,"sceneViewState":{"showFog":true,"showMaterialUpdate":false,"showSkybox":false,"showFlares":true,"showImageEffects":true,"showParticleSystems":true},"in2DMode":false,"pivot":{"x":-5.409965515136719,"y":3.748896360397339,"z":11.19430923461914},"rotation":{"x":0.017216309905052186,"y":-0.7760895490646362,"z":0.021195635199546815,"w":0.6300642490386963},"size":12.857876777648926,"orthographic":false}