{"cameraMode":{"drawMode":0,"name":"Shaded","section":"Shading Mode"},"sceneLighting":false,"audioPlay":false,"sceneViewState":{"showFog":true,"showMaterialUpdate":false,"showSkybox":false,"showFlares":true,"showImageEffects":true,"showParticleSystems":true},"in2DMode":false,"pivot":{"x":-12.506957054138184,"y":1.25,"z":-23.2921085357666},"rotation":{"x":-0.05103662982583046,"y":-0.34025245904922488,"z":0.018492218106985093,"w":-0.9387707710266113},"size":3.5794553756713869,"orthographic":false}