{"cameraMode":{"drawMode":0,"name":"Shaded","section":"Shading Mode"},"sceneLighting":true,"audioPlay":false,"sceneViewState":{"showFog":true,"showMaterialUpdate":false,"showSkybox":false,"showFlares":true,"showImageEffects":true,"showParticleSystems":true},"in2DMode":false,"pivot":{"x":3.975677967071533,"y":9.349239349365235,"z":-5.214756488800049},"rotation":{"x":-0.036580462008714679,"y":0.9631841778755188,"z":-0.1797790825366974,"w":-0.19674703478813172},"size":7.343324184417725,"orthographic":false}