{"cameraMode":{"drawMode":0,"name":"Shaded","section":"Shading Mode"},"sceneLighting":false,"audioPlay":false,"sceneViewState":{"showFog":true,"showMaterialUpdate":false,"showSkybox":false,"showFlares":true,"showImageEffects":true,"showParticleSystems":true},"in2DMode":false,"pivot":{"x":-9.581849098205567,"y":2.119999885559082,"z":-12.289999961853028},"rotation":{"x":-0.05103662982583046,"y":-0.34025245904922488,"z":0.018492218106985093,"w":-0.9387707710266113},"size":0.7071067690849304,"orthographic":false}