{"cameraMode":{"drawMode":0,"name":"Shaded","section":"Shading Mode"},"sceneLighting":false,"audioPlay":false,"sceneViewState":{"showFog":true,"showMaterialUpdate":false,"showSkybox":false,"showFlares":true,"showImageEffects":true,"showParticleSystems":true},"in2DMode":false,"pivot":{"x":-6.840000152587891,"y":4.250000476837158,"z":-15.760000228881836},"rotation":{"x":-0.09274312108755112,"y":-0.9058530330657959,"z":0.2639099359512329,"w":-0.31825271248817446},"size":7.215434551239014,"orthographic":false}