{"cameraMode":{"drawMode":0,"name":"Shaded","section":"Shading Mode"},"sceneLighting":true,"audioPlay":false,"sceneViewState":{"showFog":true,"showMaterialUpdate":false,"showSkybox":false,"showFlares":true,"showImageEffects":true,"showParticleSystems":true},"in2DMode":false,"pivot":{"x":5.960464477539063e-8,"y":0.2389235496520996,"z":0.049999892711639407},"rotation":{"x":-0.1795470267534256,"y":0.41451096534729006,"z":-0.08391279727220535,"w":-0.8882503509521484},"size":3.099904775619507,"orthographic":false}